sample,low,high,density
0,-0.097122,-0.096467,0.032798
0,-0.096467,-0.095812,0.000000
0,-0.095812,-0.095157,0.000000
0,-0.095157,-0.094503,0.000000
0,-0.094503,-0.093848,0.000000
0,-0.093848,-0.093193,0.000000
0,-0.093193,-0.092538,0.000000
0,-0.092538,-0.091883,0.000000
0,-0.091883,-0.091228,0.000000
0,-0.091228,-0.090574,0.032798
0,-0.090574,-0.089919,0.000000
0,-0.089919,-0.089264,0.032798
0,-0.089264,-0.088609,0.000000
0,-0.088609,-0.087954,0.000000
0,-0.087954,-0.087299,0.000000
0,-0.087299,-0.086645,0.000000
0,-0.086645,-0.085990,0.000000
0,-0.085990,-0.085335,0.000000
0,-0.085335,-0.084680,0.000000
0,-0.084680,-0.084025,0.032798
0,-0.084025,-0.083370,0.000000
0,-0.083370,-0.082716,0.000000
0,-0.082716,-0.082061,0.000000
0,-0.082061,-0.081406,0.000000
0,-0.081406,-0.080751,0.065595
0,-0.080751,-0.080096,0.000000
0,-0.080096,-0.079441,0.032798
0,-0.079441,-0.078786,0.000000
0,-0.078786,-0.078132,0.032798
0,-0.078132,-0.077477,0.000000
0,-0.077477,-0.076822,0.065595
0,-0.076822,-0.076167,0.000000
0,-0.076167,-0.075512,0.000000
0,-0.075512,-0.074857,0.065595
0,-0.074857,-0.074203,0.065595
0,-0.074203,-0.073548,0.065595
0,-0.073548,-0.072893,0.065595
0,-0.072893,-0.072238,0.098393
0,-0.072238,-0.071583,0.065595
0,-0.071583,-0.070928,0.032798
0,-0.070928,-0.070274,0.131191
0,-0.070274,-0.069619,0.065595
0,-0.069619,-0.068964,0.163988
0,-0.068964,-0.068309,0.098393
0,-0.068309,-0.067654,0.065595
0,-0.067654,-0.066999,0.000000
0,-0.066999,-0.066345,0.065596
0,-0.066345,-0.065690,0.032798
0,-0.065690,-0.065035,0.098393
0,-0.065035,-0.064380,0.131191
0,-0.064380,-0.063725,0.000000
0,-0.063725,-0.063070,0.065596
0,-0.063070,-0.062416,0.393570
0,-0.062416,-0.061761,0.196786
0,-0.061761,-0.061106,0.098393
0,-0.061106,-0.060451,0.032798
0,-0.060451,-0.059796,0.131191
0,-0.059796,-0.059141,0.229584
0,-0.059141,-0.058487,0.262383
0,-0.058487,-0.057832,0.360775
0,-0.057832,-0.057177,0.262381
0,-0.057177,-0.056522,0.360775
0,-0.056522,-0.055867,0.229585
0,-0.055867,-0.055212,0.459168
0,-0.055212,-0.054557,0.229584
0,-0.054557,-0.053903,0.426372
0,-0.053903,-0.053248,0.295179
0,-0.053248,-0.052593,0.295179
0,-0.052593,-0.051938,0.459168
0,-0.051938,-0.051283,0.426372
0,-0.051283,-0.050628,0.557561
0,-0.050628,-0.049974,0.459168
0,-0.049974,-0.049319,0.852745
0,-0.049319,-0.048664,0.623156
0,-0.048664,-0.048009,0.688751
0,-0.048009,-0.047354,0.951133
0,-0.047354,-0.046699,0.393574
0,-0.046699,-0.046045,0.360775
0,-0.046045,-0.045390,0.688751
0,-0.045390,-0.044735,0.524763
0,-0.044735,-0.044080,0.852745
0,-0.044080,-0.043425,0.754347
0,-0.043425,-0.042770,0.819942
0,-0.042770,-0.042116,0.491968
0,-0.042116,-0.041461,0.459168
0,-0.041461,-0.040806,1.311907
0,-0.040806,-0.040151,0.819942
0,-0.040151,-0.039496,1.049532
0,-0.039496,-0.038841,1.410300
0,-0.038841,-0.038187,1.082324
0,-0.038187,-0.037532,0.852745
0,-0.037532,-0.036877,0.983931
0,-0.036877,-0.036222,1.246312
0,-0.036222,-0.035567,1.443098
0,-0.035567,-0.034912,1.016734
0,-0.034912,-0.034258,1.016734
0,-0.034258,-0.033603,1.115121
0,-0.033603,-0.032948,1.902266
0,-0.032948,-0.032293,1.705480
0,-0.032293,-0.031638,1.180717
0,-0.031638,-0.030983,1.115121
0,-0.030983,-0.030328,1.279110
0,-0.030328,-0.029674,1.607087
0,-0.029674,-0.029019,1.836691
0,-0.029019,-0.028364,1.639884
0,-0.028364,-0.027709,1.967861
0,-0.027709,-0.027054,1.738277
0,-0.027054,-0.026399,1.705480
0,-0.026399,-0.025745,1.541491
0,-0.025745,-0.025090,2.066254
0,-0.025090,-0.024435,1.935085
0,-0.024435,-0.023780,1.738277
0,-0.023780,-0.023125,2.000659
0,-0.023125,-0.022470,2.000659
0,-0.022470,-0.021816,2.394231
0,-0.021816,-0.021161,2.033456
0,-0.021161,-0.020506,2.558219
0,-0.020506,-0.019851,1.902287
0,-0.019851,-0.019196,2.000659
0,-0.019196,-0.018541,1.869468
0,-0.018541,-0.017887,2.361433
0,-0.017887,-0.017232,2.295838
0,-0.017232,-0.016577,2.066254
0,-0.016577,-0.015922,2.131849
0,-0.015922,-0.015267,2.394258
0,-0.015267,-0.014612,2.558219
0,-0.014612,-0.013958,2.197445
0,-0.013958,-0.013303,2.558219
0,-0.013303,-0.012648,2.656612
0,-0.012648,-0.011993,3.017387
0,-0.011993,-0.011338,2.623815
0,-0.011338,-0.010683,2.951825
0,-0.010683,-0.010029,3.082982
0,-0.010029,-0.009374,2.656612
0,-0.009374,-0.008719,3.574948
0,-0.008719,-0.008064,2.984589
0,-0.008064,-0.007409,3.804531
0,-0.007409,-0.006754,3.706138
0,-0.006754,-0.006099,4.034161
0,-0.006099,-0.005445,5.247629
0,-0.005445,-0.004790,6.690728
0,-0.004790,-0.004135,8.002635
0,-0.004135,-0.003480,15.054137
0,-0.003480,-0.002825,24.303084
0,-0.002825,-0.002170,39.914781
0,-0.002170,-0.001516,66.481662
0,-0.001516,-0.000861,113.250403
0,-0.000861,-0.000206,176.746719
0,-0.000206,0.000449,203.706416
0,0.000449,0.001104,155.067450
0,0.001104,0.001759,97.441919
0,0.001759,0.002413,57.625531
0,0.002413,0.003068,32.502875
0,0.003068,0.003723,21.548078
0,0.003723,0.004378,12.823894
0,0.004378,0.005033,10.232877
0,0.005033,0.005688,7.182693
0,0.005688,0.006342,4.985248
0,0.006342,0.006997,5.083641
0,0.006997,0.007652,4.919653
0,0.007652,0.008307,4.460536
0,0.008307,0.008962,4.198104
0,0.008962,0.009617,4.427687
0,0.009617,0.010271,3.640543
0,0.010271,0.010926,4.821260
0,0.010926,0.011581,4.657271
0,0.011581,0.012236,5.116439
0,0.012236,0.012891,4.460536
0,0.012891,0.013546,3.968520
0,0.013546,0.014200,4.526080
0,0.014200,0.014855,4.722867
0,0.014855,0.015510,4.886855
0,0.015510,0.016165,4.460485
0,0.016165,0.016820,3.673341
0,0.016820,0.017475,4.591728
0,0.017475,0.018130,3.935722
0,0.018130,0.018784,3.870127
0,0.018784,0.019439,4.657271
0,0.019439,0.020094,4.198104
0,0.020094,0.020749,4.001317
0,0.020749,0.021404,4.362092
0,0.021404,0.022059,4.034161
0,0.022059,0.022713,3.968520
0,0.022713,0.023368,3.706138
0,0.023368,0.024023,3.246971
0,0.024023,0.024678,3.673341
0,0.024678,0.025333,4.427687
0,0.025333,0.025988,4.427687
0,0.025988,0.026642,4.296545
0,0.026642,0.027297,4.001317
0,0.027297,0.027952,3.345364
0,0.027952,0.028607,4.296545
0,0.028607,0.029262,3.476515
0,0.029262,0.029917,3.771777
0,0.029917,0.030571,3.673299
0,0.030571,0.031226,4.394940
0,0.031226,0.031881,3.771691
0,0.031881,0.032536,3.247008
0,0.032536,0.033191,4.001272
0,0.033191,0.033846,3.673382
0,0.033846,0.034500,4.165353
0,0.034500,0.035155,3.443718
0,0.035155,0.035810,3.870171
0,0.035810,0.036465,3.837285
0,0.036465,0.037120,3.804575
0,0.037120,0.037775,3.804488
0,0.037775,0.038429,3.476594
0,0.038429,0.039084,3.509392
0,0.039084,0.039739,3.574907
0,0.039739,0.040394,3.115815
0,0.040394,0.041049,2.787771
0,0.041049,0.041704,2.984623
0,0.041704,0.042359,3.017353
0,0.042359,0.043013,3.640584
0,0.043013,0.043668,2.820633
0,0.043668,0.044323,3.082947
0,0.044323,0.044978,3.804575
0,0.044978,0.045633,3.017353
0,0.045633,0.046288,2.656643
0,0.046288,0.046942,2.525393
0,0.046942,0.047597,3.443796
0,0.047597,0.048252,2.197470
0,0.048252,0.048907,2.689379
0,0.048907,0.049562,3.476594
0,0.049562,0.050217,3.443718
0,0.050217,0.050871,2.591047
0,0.050871,0.051526,2.492596
0,0.051526,0.052181,2.361460
0,0.052181,0.052836,2.558248
0,0.052836,0.053491,2.427001
0,0.053491,0.054146,2.361460
0,0.054146,0.054800,2.099028
0,0.054800,0.055455,1.803893
0,0.055455,0.056110,2.230217
0,0.056110,0.056765,2.689441
0,0.056765,0.057420,2.459854
0,0.057420,0.058075,2.623785
0,0.058075,0.058729,2.131874
0,0.058729,0.059384,2.099028
0,0.059384,0.060039,2.066278
0,0.060039,0.060694,1.705460
0,0.060694,0.061349,1.607105
0,0.061349,0.062004,1.639903
0,0.062004,0.062659,1.574271
0,0.062659,0.063313,1.639903
0,0.063313,0.063968,1.475879
0,0.063968,0.064623,1.311922
0,0.064623,0.065278,1.475879
0,0.065278,0.065933,1.508711
0,0.065933,0.066588,1.475913
0,0.066588,0.067242,1.344690
0,0.067242,0.067897,1.115134
0,0.067897,0.068552,1.213501
0,0.068552,0.069207,0.918346
0,0.069207,0.069862,1.049514
0,0.069862,0.070517,1.147932
0,0.070517,0.071171,1.213528
0,0.071171,0.071826,1.049514
0,0.071826,0.072481,0.787153
0,0.072481,0.073136,0.852730
0,0.073136,0.073791,1.016740
0,0.073791,0.074446,1.049514
0,0.074446,0.075100,0.951144
0,0.075100,0.075755,0.951144
0,0.075755,0.076410,0.819933
0,0.076410,0.077065,0.885548
0,0.077065,0.077720,0.787135
0,0.077720,0.078375,0.623163
0,0.078375,0.079029,0.524757
0,0.079029,0.079684,0.623163
0,0.079684,0.080339,0.721557
0,0.080339,0.080994,0.918325
0,0.080994,0.081649,0.819951
0,0.081649,0.082304,0.623149
0,0.082304,0.082958,0.590365
0,0.082958,0.083613,0.557554
0,0.083613,0.084268,0.983942
0,0.084268,0.084923,0.721557
0,0.084923,0.085578,0.655946
0,0.085578,0.086233,0.754355
0,0.086233,0.086888,0.557554
0,0.086888,0.087542,0.688759
0,0.087542,0.088197,0.721541
0,0.088197,0.088852,0.459173
0,0.088852,0.089507,0.524769
0,0.089507,0.090162,0.590352
0,0.090162,0.090817,0.360779
0,0.090817,0.091471,0.327973
0,0.091471,0.092126,0.360779
0,0.092126,0.092781,0.524757
0,0.092781,0.093436,0.426375
0,0.093436,0.094091,0.590365
0,0.094091,0.094746,0.262378
0,0.094746,0.095400,0.163990
0,0.095400,0.096055,0.491960
0,0.096055,0.096710,0.459173
0,0.096710,0.097365,0.393568
0,0.097365,0.098020,0.524769
0,0.098020,0.098675,0.360779
0,0.098675,0.099329,0.295176
0,0.099329,0.099984,0.196786
1,-0.084581,-0.083971,0.077730
1,-0.083971,-0.083361,0.000000
1,-0.083361,-0.082750,0.000000
1,-0.082750,-0.082140,0.000000
1,-0.082140,-0.081530,0.000000
1,-0.081530,-0.080920,0.000000
1,-0.080920,-0.080310,0.077730
1,-0.080310,-0.079700,0.000000
1,-0.079700,-0.079090,0.077730
1,-0.079090,-0.078480,0.000000
1,-0.078480,-0.077869,0.077731
1,-0.077869,-0.077259,0.077730
1,-0.077259,-0.076649,0.077730
1,-0.076649,-0.076039,0.000000
1,-0.076039,-0.075429,0.000000
1,-0.075429,-0.074819,0.155461
1,-0.074819,-0.074209,0.155462
1,-0.074209,-0.073599,0.155461
1,-0.073599,-0.072988,0.077730
1,-0.072988,-0.072378,0.155461
1,-0.072378,-0.071768,0.155462
1,-0.071768,-0.071158,0.000000
1,-0.071158,-0.070548,0.000000
1,-0.070548,-0.069938,0.155462
1,-0.069938,-0.069328,0.233191
1,-0.069328,-0.068718,0.388651
1,-0.068718,-0.068108,0.077731
1,-0.068108,-0.067497,0.077730
1,-0.067497,-0.066887,0.077730
1,-0.066887,-0.066277,0.000000
1,-0.066277,-0.065667,0.077731
1,-0.065667,-0.065057,0.077730
1,-0.065057,-0.064447,0.310921
1,-0.064447,-0.063837,0.000000
1,-0.063837,-0.063227,0.155461
1,-0.063227,-0.062616,0.544112
1,-0.062616,-0.062006,0.388656
1,-0.062006,-0.061396,0.077730
1,-0.061396,-0.060786,0.155461
1,-0.060786,-0.060176,0.077731
1,-0.060176,-0.059566,0.310921
1,-0.059566,-0.058956,0.388654
1,-0.058956,-0.058346,0.544115
1,-0.058346,-0.057736,0.699572
1,-0.057736,-0.057125,0.466384
1,-0.057125,-0.056515,0.855038
1,-0.056515,-0.055905,0.466382
1,-0.055905,-0.055295,0.932769
1,-0.055295,-0.054685,0.699577
1,-0.054685,-0.054075,0.466382
1,-0.054075,-0.053465,0.932763
1,-0.053465,-0.052855,0.544115
1,-0.052855,-0.052244,0.621846
1,-0.052244,-0.051634,0.777307
1,-0.051634,-0.051024,0.932763
1,-0.051024,-0.050414,1.088230
1,-0.050414,-0.049804,1.321422
1,-0.049804,-0.049194,1.165954
1,-0.049194,-0.048584,1.010500
1,-0.048584,-0.047974,1.632335
1,-0.047974,-0.047364,1.476884
1,-0.047364,-0.046753,0.699577
1,-0.046753,-0.046143,0.855033
1,-0.046143,-0.045533,1.088230
1,-0.045533,-0.044923,0.932769
1,-0.044923,-0.044313,1.476875
1,-0.044313,-0.043703,1.010500
1,-0.043703,-0.043093,1.399153
1,-0.043093,-0.042483,1.165954
1,-0.042483,-0.041872,1.010500
1,-0.041872,-0.041262,1.010493
1,-0.041262,-0.040652,2.098730
1,-0.040652,-0.040042,1.088230
1,-0.040042,-0.039432,2.331908
1,-0.039432,-0.038822,2.020999
1,-0.038822,-0.038212,2.098730
1,-0.038212,-0.037602,1.476875
1,-0.037602,-0.036992,1.399153
1,-0.036992,-0.036381,2.098730
1,-0.036381,-0.035771,2.331908
1,-0.035771,-0.035161,1.943268
1,-0.035161,-0.034551,1.710076
1,-0.034551,-0.033941,1.554605
1,-0.033941,-0.033331,2.642845
1,-0.033331,-0.032721,2.876020
1,-0.032721,-0.032111,2.254191
1,-0.032111,-0.031500,2.409653
1,-0.031500,-0.030890,2.020987
1,-0.030890,-0.030280,1.865538
1,-0.030280,-0.029670,3.109229
1,-0.029670,-0.029060,2.720559
1,-0.029060,-0.028450,2.409653
1,-0.028450,-0.027840,3.808806
1,-0.027840,-0.027230,2.487368
1,-0.027230,-0.026620,2.798306
1,-0.026620,-0.026009,2.331922
1,-0.026009,-0.025399,2.565099
1,-0.025399,-0.024789,3.031499
1,-0.024789,-0.024179,2.720559
1,-0.024179,-0.023569,3.186960
1,-0.023569,-0.022959,2.876037
1,-0.022959,-0.022349,3.186941
1,-0.022349,-0.021739,3.653344
1,-0.021739,-0.021128,2.876020
1,-0.021128,-0.020518,3.964292
1,-0.020518,-0.019908,2.487368
1,-0.019908,-0.019298,2.642829
1,-0.019298,-0.018688,3.031517
1,-0.018688,-0.018078,3.031480
1,-0.018078,-0.017468,2.409638
1,-0.017468,-0.016858,2.642861
1,-0.016858,-0.016248,2.642829
1,-0.016248,-0.015637,2.953750
1,-0.015637,-0.015027,3.653367
1,-0.015027,-0.014417,3.420131
1,-0.014417,-0.013807,3.342401
1,-0.013807,-0.013197,3.731052
1,-0.013197,-0.012587,3.964292
1,-0.012587,-0.011977,3.964243
1,-0.011977,-0.011367,3.653322
1,-0.011367,-0.010756,4.352948
1,-0.010756,-0.010146,3.497862
1,-0.010146,-0.009536,3.575592
1,-0.009536,-0.008926,4.663872
1,-0.008926,-0.008316,3.653322
1,-0.008316,-0.007706,4.663816
1,-0.007706,-0.007096,4.974797
1,-0.007096,-0.006486,4.352894
1,-0.006486,-0.005875,5.285658
1,-0.005875,-0.005265,6.296228
1,-0.005265,-0.004655,7.928486
1,-0.004655,-0.004045,9.871743
1,-0.004045,-0.003435,18.733221
1,-0.003435,-0.002825,26.039637
1,-0.002825,-0.002215,38.942860
1,-0.002215,-0.001605,69.336237
1,-0.001605,-0.000995,111.309730
1,-0.000995,-0.000384,165.954102
1,-0.000384,0.000226,210.496111
1,0.000226,0.000836,178.779595
1,0.000836,0.001446,120.559631
1,0.001446,0.002056,82.238614
1,0.002056,0.002666,45.161832
1,0.002666,0.003276,28.915656
1,0.003276,0.003886,19.743486
1,0.003886,0.004497,13.447499
1,0.004497,0.005107,9.794013
1,0.005107,0.005717,7.073454
1,0.005717,0.006327,5.829841
1,0.006327,0.006937,4.741546
1,0.006937,0.007547,5.441118
1,0.007547,0.008157,4.508410
1,0.008157,0.008767,3.886513
1,0.008767,0.009377,4.119704
1,0.009377,0.009988,4.352948
1,0.009988,0.010598,4.352894
1,0.010598,0.011208,5.207927
1,0.011208,0.011818,5.285722
1,0.011818,0.012428,4.819276
1,0.012428,0.013038,3.964243
1,0.013038,0.013648,3.808829
1,0.013648,0.014258,4.663816
1,0.014258,0.014869,5.207927
1,0.014869,0.015479,4.741604
1,0.015479,0.016089,3.575592
1,0.016089,0.016699,3.731052
1,0.016699,0.017309,5.052467
1,0.017309,0.017919,3.186980
1,0.017919,0.018529,3.653322
1,0.018529,0.019139,4.197434
1,0.019139,0.019749,3.264711
1,0.019749,0.020360,3.575592
1,0.020360,0.020970,3.497862
1,0.020970,0.021580,3.964292
1,0.021580,0.022190,2.565099
1,0.022190,0.022800,3.808783
1,0.022800,0.023410,2.565130
1,0.023410,0.024020,3.109210
1,0.024020,0.024630,3.109210
1,0.024630,0.025241,3.653367
1,0.025241,0.025851,3.731052
1,0.025851,0.026461,3.964243
1,0.026461,0.027071,3.264711
1,0.027071,0.027681,2.798289
1,0.027681,0.028291,3.497862
1,0.028291,0.028901,3.420173
1,0.028901,0.029511,3.186941
1,0.029511,0.030121,2.720559
1,0.030121,0.030732,3.264711
1,0.030732,0.031342,3.653322
1,0.031342,0.031952,2.409638
1,0.031952,0.032562,2.176474
1,0.032562,0.033172,2.487368
1,0.033172,0.033782,2.720559
1,0.033782,0.034392,3.264671
1,0.034392,0.035002,3.186980
1,0.035002,0.035613,2.642829
1,0.035613,0.036223,2.098717
1,0.036223,0.036833,2.798323
1,0.036833,0.037443,2.876020
1,0.037443,0.038053,3.109210
1,0.038053,0.038663,2.331936
1,0.038663,0.039273,1.632335
1,0.039273,0.039883,2.487368
1,0.039883,0.040493,2.409638
1,0.040493,0.041104,2.021011
1,0.041104,0.041714,2.098743
1,0.041714,0.042324,2.020962
1,0.042324,0.042934,2.331936
1,0.042934,0.043544,1.243699
1,0.043544,0.044154,1.321398
1,0.044154,0.044764,2.798323
1,0.044764,0.045374,1.865549
1,0.045374,0.045985,1.787774
1,0.045985,0.046595,1.710087
1,0.046595,0.047205,2.098743
1,0.047205,0.047815,2.020962
1,0.047815,0.048425,0.932774
1,0.048425,0.049035,1.165968
1,0.049035,0.049645,1.865503
1,0.049645,0.050255,2.409667
1,0.050255,0.050865,1.399162
1,0.050865,0.051476,1.476857
1,0.051476,0.052086,0.855043
1,0.052086,0.052696,1.710087
1,0.052696,0.053306,0.855022
1,0.053306,0.053916,0.699581
1,0.053916,0.054526,1.321431
1,0.054526,0.055136,0.699564
1,0.055136,0.055746,1.010506
1,0.055746,0.056357,1.243669
1,0.056357,0.056967,1.088237
1,0.056967,0.057577,1.943280
1,0.057577,0.058187,1.243669
1,0.058187,0.058797,0.855043
1,0.058797,0.059407,0.466387
1,0.059407,0.060017,0.777293
1,0.060017,0.060627,0.544118
1,0.060627,0.061238,0.855043
1,0.061238,0.061848,0.544105
1,0.061848,0.062458,0.777312
1,0.062458,0.063068,0.233194
1,0.063068,0.063678,0.544105
1,0.063678,0.064288,0.621850
1,0.064288,0.064898,0.699581
1,0.064898,0.065508,0.699564
1,0.065508,0.066118,0.466387
1,0.066118,0.066729,0.310925
1,0.066729,0.067339,0.310917
1,0.067339,0.067949,0.155462
1,0.067949,0.068559,0.699581
1,0.068559,0.069169,0.466376
1,0.069169,0.069779,0.233194
1,0.069779,0.070389,0.233194
1,0.070389,0.070999,0.310917
1,0.070999,0.071610,0.466387
1,0.071610,0.072220,0.233194
1,0.072220,0.072830,0.077729
1,0.072830,0.073440,0.155462
1,0.073440,0.074050,0.233194
1,0.074050,0.074660,0.310917
1,0.074660,0.075270,0.310925
1,0.075270,0.075880,0.310925
1,0.075880,0.076490,0.077729
1,0.076490,0.077101,0.233194
1,0.077101,0.077711,0.155462
1,0.077711,0.078321,0.077729
1,0.078321,0.078931,0.077731
1,0.078931,0.079541,0.000000
1,0.079541,0.080151,0.310917
1,0.080151,0.080761,0.077731
1,0.080761,0.081371,0.155462
1,0.081371,0.081982,0.233188
1,0.081982,0.082592,0.000000
1,0.082592,0.083202,0.000000
1,0.083202,0.083812,0.310917
1,0.083812,0.084422,0.155462
1,0.084422,0.085032,0.077731
1,0.085032,0.085642,0.000000
1,0.085642,0.086252,0.077731
1,0.086252,0.086862,0.077731
1,0.086862,0.087473,0.155459
1,0.087473,0.088083,0.077731
1,0.088083,0.088693,0.388647
1,0.088693,0.089303,0.077731
1,0.089303,0.089913,0.000000
1,0.089913,0.090523,0.000000
1,0.090523,0.091133,0.077731
1,0.091133,0.091743,0.000000
1,0.091743,0.092354,0.077729
1,0.092354,0.092964,0.077731
1,0.092964,0.093574,0.155462
1,0.093574,0.094184,0.155459
1,0.094184,0.094794,0.077731
1,0.094794,0.095404,0.077731
1,0.095404,0.096014,0.077729
1,0.096014,0.096624,0.077731
1,0.096624,0.097234,0.155462
1,0.097234,0.097845,0.000000
1,0.097845,0.098455,0.000000
1,0.098455,0.099065,0.155462
2,-0.099915,-0.099251,0.037883
2,-0.099251,-0.098587,0.075765
2,-0.098587,-0.097923,0.000000
2,-0.097923,-0.097259,0.018941
2,-0.097259,-0.096595,0.056824
2,-0.096595,-0.095931,0.075765
2,-0.095931,-0.095266,0.018941
2,-0.095266,-0.094602,0.037883
2,-0.094602,-0.093938,0.075765
2,-0.093938,-0.093274,0.037883
2,-0.093274,-0.092610,0.000000
2,-0.092610,-0.091946,0.094707
2,-0.091946,-0.091282,0.000000
2,-0.091282,-0.090618,0.000000
2,-0.090618,-0.089953,0.056823
2,-0.089953,-0.089289,0.075765
2,-0.089289,-0.088625,0.075765
2,-0.088625,-0.087961,0.075765
2,-0.087961,-0.087297,0.018941
2,-0.087297,-0.086633,0.056823
2,-0.086633,-0.085969,0.037883
2,-0.085969,-0.085305,0.075765
2,-0.085305,-0.084641,0.075765
2,-0.084641,-0.083976,0.037883
2,-0.083976,-0.083312,0.113648
2,-0.083312,-0.082648,0.056824
2,-0.082648,-0.081984,0.094706
2,-0.081984,-0.081320,0.151531
2,-0.081320,-0.080656,0.151531
2,-0.080656,-0.079992,0.265179
2,-0.079992,-0.079328,0.151531
2,-0.079328,-0.078663,0.113647
2,-0.078663,-0.077999,0.037883
2,-0.077999,-0.077335,0.094707
2,-0.077335,-0.076671,0.132590
2,-0.076671,-0.076007,0.132590
2,-0.076007,-0.075343,0.170472
2,-0.075343,-0.074679,0.265179
2,-0.074679,-0.074015,0.189412
2,-0.074015,-0.073351,0.227296
2,-0.073351,-0.072686,0.246238
2,-0.072686,-0.072022,0.170472
2,-0.072022,-0.071358,0.284117
2,-0.071358,-0.070694,0.303062
2,-0.070694,-0.070030,0.284121
2,-0.070030,-0.069366,0.265179
2,-0.069366,-0.068702,0.435652
2,-0.068702,-0.068038,0.378827
2,-0.068038,-0.067374,0.284121
2,-0.067374,-0.066709,0.303062
2,-0.066709,-0.066045,0.681882
2,-0.066045,-0.065381,0.246238
2,-0.065381,-0.064717,0.359886
2,-0.064717,-0.064053,0.530353
2,-0.064053,-0.063389,0.359886
2,-0.063389,-0.062725,0.454593
2,-0.062725,-0.062061,0.587183
2,-0.062061,-0.061396,0.435652
2,-0.061396,-0.060732,0.644007
2,-0.060732,-0.060068,0.568238
2,-0.060068,-0.059404,0.871303
2,-0.059404,-0.058740,0.662948
2,-0.058740,-0.058076,0.871298
2,-0.058076,-0.057412,0.530358
2,-0.057412,-0.056748,0.606124
2,-0.056748,-0.056084,0.757651
2,-0.056084,-0.055419,0.738714
2,-0.055419,-0.054755,0.871303
2,-0.054755,-0.054091,0.984946
2,-0.054091,-0.053427,1.098600
2,-0.053427,-0.052763,1.174365
2,-0.052763,-0.052099,1.136476
2,-0.052099,-0.051435,1.136482
2,-0.051435,-0.050771,1.003893
2,-0.050771,-0.050107,1.117535
2,-0.050107,-0.049442,1.306955
2,-0.049442,-0.048778,0.928127
2,-0.048778,-0.048114,1.420595
2,-0.048114,-0.047450,1.553193
2,-0.047450,-0.046786,1.780479
2,-0.046786,-0.046122,1.685782
2,-0.046122,-0.045458,1.477427
2,-0.045458,-0.044794,1.458478
2,-0.044794,-0.044129,1.306955
2,-0.044129,-0.043465,2.045668
2,-0.043465,-0.042801,1.591066
2,-0.042801,-0.042137,1.572134
2,-0.042137,-0.041473,1.969903
2,-0.041473,-0.040809,1.988833
2,-0.040809,-0.040145,1.856255
2,-0.040145,-0.039481,2.310848
2,-0.039481,-0.038817,2.045657
2,-0.038817,-0.038152,2.197199
2,-0.038152,-0.037488,2.083551
2,-0.037488,-0.036824,2.651792
2,-0.036824,-0.036160,2.500261
2,-0.036160,-0.035496,2.519174
2,-0.035496,-0.034832,2.519203
2,-0.034832,-0.034168,2.254023
2,-0.034168,-0.033504,2.386613
2,-0.033504,-0.032839,2.651792
2,-0.032839,-0.032175,2.083528
2,-0.032175,-0.031511,2.386613
2,-0.031511,-0.030847,2.348730
2,-0.030847,-0.030183,2.613910
2,-0.030183,-0.029519,2.822265
2,-0.029519,-0.028855,3.011678
2,-0.028855,-0.028191,3.295762
2,-0.028191,-0.027527,3.144268
2,-0.027527,-0.026862,3.257916
2,-0.026862,-0.026198,2.860147
2,-0.026198,-0.025534,3.295799
2,-0.025534,-0.024870,3.030620
2,-0.024870,-0.024206,2.897998
2,-0.024206,-0.023542,3.409447
2,-0.023542,-0.022878,3.011678
2,-0.022878,-0.022214,2.841206
2,-0.022214,-0.021550,3.182151
2,-0.021550,-0.020885,3.636744
2,-0.020885,-0.020221,2.841174
2,-0.020221,-0.019557,3.106385
2,-0.019557,-0.018893,2.973796
2,-0.018893,-0.018229,3.390506
2,-0.018229,-0.017565,3.125327
2,-0.017565,-0.016901,3.201092
2,-0.016901,-0.016237,3.371527
2,-0.016237,-0.015572,3.466271
2,-0.015572,-0.014908,2.689675
2,-0.014908,-0.014244,3.087444
2,-0.014244,-0.013580,3.693568
2,-0.013580,-0.012916,3.977644
2,-0.012916,-0.012252,3.485213
2,-0.012252,-0.011588,3.845099
2,-0.011588,-0.010924,3.636744
2,-0.010924,-0.010260,3.901923
2,-0.010260,-0.009595,4.261809
2,-0.009595,-0.008931,3.598821
2,-0.008931,-0.008267,3.807216
2,-0.008267,-0.007603,3.163209
2,-0.007603,-0.006939,4.242868
2,-0.006939,-0.006275,4.602754
2,-0.006275,-0.005611,5.360409
2,-0.005611,-0.004947,6.383171
2,-0.004947,-0.004282,8.675149
2,-0.004282,-0.003618,12.918017
2,-0.003618,-0.002954,19.320201
2,-0.002954,-0.002290,29.965253
2,-0.002290,-0.001626,55.820227
2,-0.001626,-0.000962,89.534867
2,-0.000962,-0.000298,139.863101
2,-0.000298,0.000366,177.423844
2,0.000366,0.001030,139.370625
2,0.001030,0.001695,88.645627
2,0.001695,0.002359,53.774559
2,0.002359,0.003023,31.574915
2,0.003023,0.003687,18.714077
2,0.003687,0.004351,12.141420
2,0.004351,0.005015,8.959270
2,0.005015,0.005679,7.311370
2,0.005679,0.006343,5.909642
2,0.006343,0.007007,5.360409
2,0.007007,0.007672,4.943698
2,0.007672,0.008336,4.280750
2,0.008336,0.009000,4.792167
2,0.009000,0.009664,4.451223
2,0.009664,0.010328,4.564820
2,0.010328,0.010992,4.148161
2,0.010992,0.011656,3.523095
2,0.011656,0.012320,3.769333
2,0.012320,0.012985,3.977688
2,0.012985,0.013649,3.579920
2,0.013649,0.014313,3.371527
2,0.014313,0.014977,3.579920
2,0.014977,0.015641,4.034513
2,0.015641,0.016305,4.242868
2,0.016305,0.016969,4.091337
2,0.016969,0.017633,4.848992
2,0.017633,0.018297,4.318585
2,0.018297,0.018962,3.655685
2,0.018962,0.019626,4.356516
2,0.019626,0.020290,4.110278
2,0.020290,0.020954,3.958747
2,0.020954,0.021618,4.545930
2,0.021618,0.022282,3.731409
2,0.022282,0.022946,3.693568
2,0.022946,0.023610,3.826157
2,0.023610,0.024275,4.261809
2,0.024275,0.024939,4.072395
2,0.024939,0.025603,4.186044
2,0.025603,0.026267,4.015571
2,0.026267,0.026931,4.470164
2,0.026931,0.027595,3.617802
2,0.027595,0.028259,3.523016
2,0.028259,0.028923,3.371564
2,0.028923,0.029587,4.034513
2,0.029587,0.030252,4.356516
2,0.030252,0.030916,3.996630
2,0.030916,0.031580,3.939806
2,0.031580,0.032244,4.223926
2,0.032244,0.032908,3.712509
2,0.032908,0.033572,3.807216
2,0.033572,0.034236,4.356516
2,0.034236,0.034900,4.242868
2,0.034900,0.035564,3.845013
2,0.035564,0.036229,4.015571
2,0.036229,0.036893,3.655685
2,0.036893,0.037557,3.617802
2,0.037557,0.038221,3.731451
2,0.038221,0.038885,3.636744
2,0.038885,0.039549,3.485213
2,0.039549,0.040213,3.201092
2,0.040213,0.040877,3.295799
2,0.040877,0.041542,3.598861
2,0.041542,0.042206,3.352623
2,0.042206,0.042870,3.560978
2,0.042870,0.043534,3.541957
2,0.043534,0.044198,3.504154
2,0.044198,0.044862,3.674626
2,0.044862,0.045526,3.447330
2,0.045526,0.046190,2.973796
2,0.046190,0.046854,2.841206
2,0.046854,0.047519,3.314740
2,0.047519,0.048183,3.125327
2,0.048183,0.048847,3.579920
2,0.048847,0.049511,2.973796
2,0.049511,0.050175,2.765441
2,0.050175,0.050839,2.594910
2,0.050839,0.051503,2.689675
2,0.051503,0.052167,3.220033
2,0.052167,0.052832,2.386613
2,0.052832,0.053496,2.841206
2,0.053496,0.054160,2.651792
2,0.054160,0.054824,2.235082
2,0.054824,0.055488,2.651792
2,0.055488,0.056152,2.822265
2,0.056152,0.056816,2.992737
2,0.056816,0.057480,2.405554
2,0.057480,0.058144,2.500261
2,0.058144,0.058809,2.235032
2,0.058809,0.059473,2.443437
2,0.059473,0.060137,2.140375
2,0.060137,0.060801,2.348730
2,0.060801,0.061465,2.216141
2,0.061465,0.062129,2.254023
2,0.062129,0.062793,2.481320
2,0.062793,0.063457,2.481320
2,0.063457,0.064121,2.519203
2,0.064121,0.064786,2.102492
2,0.064786,0.065450,1.969903
2,0.065450,0.066114,2.178258
2,0.066114,0.066778,2.140327
2,0.066778,0.067442,2.007786
2,0.067442,0.068106,2.026727
2,0.068106,0.068770,2.216141
2,0.068770,0.069434,1.780489
2,0.069434,0.070099,2.216141
2,0.070099,0.070763,1.875196
2,0.070763,0.071427,1.950961
2,0.071427,0.072091,1.932020
2,0.072091,0.072755,1.988844
2,0.072755,0.073419,2.235082
2,0.073419,0.074083,2.159268
2,0.074083,0.074747,2.178258
2,0.074747,0.075411,1.856255
2,0.075411,0.076076,1.572134
2,0.076076,0.076740,1.969903
2,0.076740,0.077404,1.553193
2,0.077404,0.078068,1.666841
2,0.078068,0.078732,1.458486
2,0.078732,0.079396,1.325896
2,0.079396,0.080060,1.515310
2,0.080060,0.080724,1.439544
2,0.080724,0.081389,1.666841
2,0.081389,0.082053,1.344807
2,0.082053,0.082717,1.363779
2,0.082717,0.083381,1.306955
2,0.083381,0.084045,1.572134
2,0.084045,0.084709,1.079658
2,0.084709,0.085373,1.477427
2,0.085373,0.086037,1.231189
2,0.086037,0.086701,1.269072
2,0.086701,0.087366,1.288013
2,0.087366,0.088030,1.193307
2,0.088030,0.088694,1.098600
2,0.088694,0.089358,1.155424
2,0.089358,0.090022,0.947047
2,0.090022,0.090686,1.098600
2,0.090686,0.091350,1.003893
2,0.091350,0.092014,1.079658
2,0.092014,0.092678,1.117541
2,0.092678,0.093343,1.269072
2,0.093343,0.094007,1.325896
2,0.094007,0.094671,0.984951
2,0.094671,0.095335,1.117541
2,0.095335,0.095999,1.117541
2,0.095999,0.096663,0.947069
2,0.096663,0.097327,0.947047
2,0.097327,0.097991,0.984951
2,0.097991,0.098656,0.644007
2,0.098656,0.099320,0.757655
2,0.099320,0.099984,1.079670
3,-0.099757,-0.099094,0.108052
3,-0.099094,-0.098430,0.000000
3,-0.098430,-0.097767,0.000000
3,-0.097767,-0.097103,0.027013
3,-0.097103,-0.096440,0.027013
3,-0.096440,-0.095777,0.135063
3,-0.095777,-0.095113,0.000000
3,-0.095113,-0.094450,0.027013
3,-0.094450,-0.093786,0.054026
3,-0.093786,-0.093123,0.000000
3,-0.093123,-0.092460,0.000000
3,-0.092460,-0.091796,0.135063
3,-0.091796,-0.091133,0.000000
3,-0.091133,-0.090469,0.000000
3,-0.090469,-0.089806,0.108052
3,-0.089806,-0.089143,0.054025
3,-0.089143,-0.088479,0.108052
3,-0.088479,-0.087816,0.054025
3,-0.087816,-0.087152,0.054026
3,-0.087152,-0.086489,0.000000
3,-0.086489,-0.085826,0.081039
3,-0.085826,-0.085162,0.054025
3,-0.085162,-0.084499,0.081039
3,-0.084499,-0.083835,0.054025
3,-0.083835,-0.083172,0.108052
3,-0.083172,-0.082509,0.081039
3,-0.082509,-0.081845,0.162076
3,-0.081845,-0.081182,0.081038
3,-0.081182,-0.080518,0.216104
3,-0.080518,-0.079855,0.297142
3,-0.079855,-0.079192,0.216101
3,-0.079192,-0.078528,0.162076
3,-0.078528,-0.077865,0.000000
3,-0.077865,-0.077202,0.108052
3,-0.077202,-0.076538,0.162076
3,-0.076538,-0.075875,0.135063
3,-0.075875,-0.075211,0.162078
3,-0.075211,-0.074548,0.270130
3,-0.074548,-0.073885,0.297139
3,-0.073885,-0.073221,0.270126
3,-0.073221,-0.072558,0.297142
3,-0.072558,-0.071894,0.189091
3,-0.071894,-0.071231,0.432202
3,-0.071231,-0.070568,0.324155
3,-0.070568,-0.069904,0.216101
3,-0.069904,-0.069241,0.324155
3,-0.069241,-0.068577,0.486228
3,-0.068577,-0.067914,0.378181
3,-0.067914,-0.067251,0.459220
3,-0.067251,-0.066587,0.405190
3,-0.066587,-0.065924,0.675316
3,-0.065924,-0.065260,0.216104
3,-0.065260,-0.064597,0.540259
3,-0.064597,-0.063934,0.540253
3,-0.063934,-0.063270,0.486228
3,-0.063270,-0.062607,0.432207
3,-0.062607,-0.061943,0.621294
3,-0.061943,-0.061280,0.621294
3,-0.061280,-0.060617,0.675320
3,-0.060617,-0.059953,0.567269
3,-0.059953,-0.059290,0.864410
3,-0.059290,-0.058626,0.756358
3,-0.058626,-0.057963,1.026486
3,-0.057963,-0.057300,0.675320
3,-0.057300,-0.056636,0.702333
3,-0.056636,-0.055973,1.026486
3,-0.055973,-0.055309,0.837397
3,-0.055309,-0.054646,0.972461
3,-0.054646,-0.053983,1.269602
3,-0.053983,-0.053319,1.188563
3,-0.053319,-0.052656,1.566742
3,-0.052656,-0.051992,1.215576
3,-0.051992,-0.051329,1.323627
3,-0.051329,-0.050666,1.242589
3,-0.050666,-0.050002,1.323627
3,-0.050002,-0.049339,1.431678
3,-0.049339,-0.048675,1.080512
3,-0.048675,-0.048012,1.782845
3,-0.048012,-0.047349,1.728819
3,-0.047349,-0.046685,2.025960
3,-0.046685,-0.046022,2.052984
3,-0.046022,-0.045358,1.917909
3,-0.045358,-0.044695,1.647781
3,-0.044695,-0.044032,1.593755
3,-0.044032,-0.043368,2.377127
3,-0.043368,-0.042705,1.809858
3,-0.042705,-0.042042,2.161024
3,-0.042042,-0.041378,2.215050
3,-0.041378,-0.040715,2.269075
3,-0.040715,-0.040051,1.890896
3,-0.040051,-0.039388,2.809331
3,-0.039388,-0.038725,2.431152
3,-0.038725,-0.038061,2.350114
3,-0.038061,-0.037398,2.593229
3,-0.037398,-0.036734,3.160498
3,-0.036734,-0.036071,2.863373
3,-0.036071,-0.035408,3.106455
3,-0.035408,-0.034744,2.944412
3,-0.034744,-0.034081,2.593214
3,-0.034081,-0.033417,3.376619
3,-0.033417,-0.032754,2.674252
3,-0.032754,-0.032091,2.323114
3,-0.032091,-0.031427,2.647240
3,-0.031427,-0.030764,2.512205
3,-0.030764,-0.030100,2.674252
3,-0.030100,-0.029437,3.754800
3,-0.029437,-0.028774,3.160480
3,-0.028774,-0.028110,3.673762
3,-0.028110,-0.027447,3.457619
3,-0.027447,-0.026783,3.862852
3,-0.026783,-0.026120,3.241518
3,-0.026120,-0.025457,3.862852
3,-0.025457,-0.024793,3.187493
3,-0.024793,-0.024130,3.349606
3,-0.024130,-0.023466,3.403594
3,-0.023466,-0.022803,3.268567
3,-0.022803,-0.022140,3.025417
3,-0.022140,-0.021476,3.754800
3,-0.021476,-0.020813,4.186961
3,-0.020813,-0.020149,3.241554
3,-0.020149,-0.019486,3.484632
3,-0.019486,-0.018823,3.484671
3,-0.018823,-0.018159,3.727746
3,-0.018159,-0.017496,3.430645
3,-0.017496,-0.016832,3.268531
3,-0.016832,-0.016169,3.862852
3,-0.016169,-0.015506,3.673720
3,-0.015506,-0.014842,2.674282
3,-0.014842,-0.014179,3.403632
3,-0.014179,-0.013515,4.240986
3,-0.013515,-0.012852,4.349085
3,-0.012852,-0.012189,4.186961
3,-0.012189,-0.011525,4.132982
3,-0.011525,-0.010862,4.159948
3,-0.010862,-0.010199,4.484150
3,-0.010199,-0.009535,4.349037
3,-0.009535,-0.008872,3.646749
3,-0.008872,-0.008208,4.349037
3,-0.008208,-0.007545,3.268567
3,-0.007545,-0.006882,4.727214
3,-0.006882,-0.006218,4.997396
3,-0.006218,-0.005555,5.942783
3,-0.005555,-0.004891,6.456096
3,-0.004891,-0.004228,9.724554
3,-0.004228,-0.003565,14.397904
3,-0.003565,-0.002901,20.826753
3,-0.002901,-0.002238,33.090867
3,-0.002238,-0.001574,58.941601
3,-0.001574,-0.000911,94.572348
3,-0.000911,-0.000248,145.760257
3,-0.000248,0.000416,177.448088
3,0.000416,0.001079,136.035703
3,0.001079,0.001743,86.360410
3,0.001743,0.002406,52.917780
3,0.002406,0.003069,32.874764
3,0.003069,0.003733,18.476652
3,0.003733,0.004396,12.209855
3,0.004396,0.005060,9.373389
3,0.005060,0.005723,7.401549
3,0.005723,0.006386,5.915770
3,0.006386,0.007050,5.456616
3,0.007050,0.007713,5.267526
3,0.007713,0.008377,4.646176
3,0.008377,0.009040,4.754280
3,0.009040,0.009703,4.808252
3,0.009703,0.010367,4.511163
3,0.010367,0.011030,4.295011
3,0.011030,0.011694,3.700775
3,0.011694,0.012357,4.051897
3,0.012357,0.013020,3.889865
3,0.013020,0.013684,3.619695
3,0.013684,0.014347,3.295580
3,0.014347,0.015011,3.997872
3,0.015011,0.015674,3.970904
3,0.015674,0.016337,4.267999
3,0.016337,0.017001,4.159995
3,0.017001,0.017664,4.646176
3,0.017664,0.018328,4.132982
3,0.018328,0.018991,3.376581
3,0.018991,0.019654,4.295060
3,0.019654,0.020318,4.159948
3,0.020318,0.020981,3.781813
3,0.020981,0.021644,4.403062
3,0.021644,0.022308,3.646749
3,0.022308,0.022971,3.646708
3,0.022971,0.023635,3.997917
3,0.023635,0.024298,4.186961
3,0.024298,0.024961,4.105969
3,0.024961,0.025625,4.349085
3,0.025625,0.026288,3.943847
3,0.026288,0.026952,3.970859
3,0.026952,0.027615,3.322631
3,0.027615,0.028278,3.322556
3,0.028278,0.028942,2.917366
3,0.028942,0.029605,3.592682
3,0.029605,0.030269,3.997962
3,0.030269,0.030932,3.646708
3,0.030932,0.031595,3.916834
3,0.031595,0.032259,4.322024
3,0.032259,0.032922,3.322631
3,0.032922,0.033586,3.538657
3,0.033586,0.034249,4.213973
3,0.034249,0.034912,3.808784
3,0.034912,0.035576,3.565750
3,0.035576,0.036239,3.808784
3,0.036239,0.036903,3.646708
3,0.036903,0.037566,3.160480
3,0.037566,0.038229,3.322631
3,0.038229,0.038893,3.565670
3,0.038893,0.039556,3.052429
3,0.039556,0.040220,2.728278
3,0.040220,0.040883,3.133538
3,0.040883,0.041546,2.917366
3,0.041546,0.042210,2.890354
3,0.042210,0.042873,3.214505
3,0.042873,0.043537,3.511723
3,0.043537,0.044200,3.160480
3,0.044200,0.044863,3.106455
3,0.044863,0.045527,3.025417
3,0.045527,0.046190,2.620286
3,0.046190,0.046854,2.350101
3,0.046854,0.047517,2.647240
3,0.047517,0.048180,2.620227
3,0.048180,0.048844,3.214578
3,0.048844,0.049507,2.647240
3,0.049507,0.050171,2.269063
3,0.050171,0.050834,2.377167
3,0.050834,0.051497,2.674252
3,0.051497,0.052161,2.458151
3,0.052161,0.052824,2.079974
3,0.052824,0.053487,2.377167
3,0.053487,0.054151,2.485164
3,0.054151,0.054814,1.890885
3,0.054814,0.055478,1.998936
3,0.055478,0.056141,2.215087
3,0.056141,0.056804,2.404126
3,0.056804,0.057468,1.971923
3,0.057468,0.058131,2.079974
3,0.058131,0.058795,1.917941
3,0.058795,0.059458,2.079974
3,0.059458,0.060121,1.728810
3,0.060121,0.060785,1.863873
3,0.060785,0.061448,1.701835
3,0.061448,0.062112,1.998936
3,0.062112,0.062775,1.728810
3,0.062775,0.063438,1.998936
3,0.063438,0.064102,2.269114
3,0.064102,0.064765,1.782835
3,0.064765,0.065429,1.431670
3,0.065429,0.066092,1.782835
3,0.066092,0.066755,1.836901
3,0.066755,0.067419,1.701797
3,0.067419,0.068082,1.782835
3,0.068082,0.068746,1.890885
3,0.068746,0.069409,1.620795
3,0.069409,0.070072,1.701797
3,0.070072,0.070736,1.458683
3,0.070736,0.071399,1.485729
3,0.071399,0.072063,1.350632
3,0.072063,0.072726,1.485696
3,0.072726,0.073389,1.782835
3,0.073389,0.074053,1.458716
3,0.074053,0.074716,1.782835
3,0.074716,0.075380,1.431670
3,0.075380,0.076043,1.296607
3,0.076043,0.076706,1.539756
3,0.076706,0.077370,1.188557
3,0.077370,0.078033,1.404658
3,0.078033,0.078697,0.918430
3,0.078697,0.079360,1.053517
3,0.079360,0.080023,1.107519
3,0.080023,0.080687,0.918430
3,0.080687,0.081350,0.972455
3,0.081350,0.082014,1.053517
3,0.082014,0.082677,0.891417
3,0.082677,0.083340,0.783367
3,0.083340,0.084004,1.242582
3,0.084004,0.084667,0.675331
3,0.084667,0.085330,0.918430
3,0.085330,0.085994,0.945443
3,0.085994,0.086657,0.783367
3,0.086657,0.087321,0.972477
3,0.087321,0.087984,0.756354
3,0.087984,0.088647,0.729342
3,0.088647,0.089311,0.837392
3,0.089311,0.089974,0.540265
3,0.089974,0.090638,0.702329
3,0.090638,0.091301,0.756354
3,0.091301,0.091964,0.675331
3,0.091964,0.092628,0.540253
3,0.092628,0.093291,0.783367
3,0.093291,0.093955,0.810379
3,0.093955,0.094618,0.702345
3,0.094618,0.095281,0.648304
3,0.095281,0.095945,0.702329
3,0.095945,0.096608,0.486228
3,0.096608,0.097272,0.621305
3,0.097272,0.097935,0.594278
3,0.097935,0.098598,0.405190
3,0.098598,0.099262,0.378177
3,0.099262,0.099925,0.675339
